<?xml version="1.0" encoding="UTF-8"?>
<beans xmlns="http://www.springframework.org/schema/beans"
	xmlns:xsi="http://www.w3.org/2001/XMLSchema-instance"
	xmlns:context="http://www.springframework.org/schema/context"
	xmlns:util="http://www.springframework.org/schema/util"
	xmlns:jdbc="http://www.springframework.org/schema/jdbc"
	xsi:schemaLocation="http://www.springframework.org/schema/jdbc http://www.springframework.org/schema/jdbc/spring-jdbc-4.3.xsd
		http://www.springframework.org/schema/beans http://www.springframework.org/schema/beans/spring-beans.xsd
		http://www.springframework.org/schema/context http://www.springframework.org/schema/context/spring-context-4.3.xsd
		http://www.springframework.org/schema/util http://www.springframework.org/schema/util/spring-util-4.3.xsd">
<context:annotation-config></context:annotation-config>
<context:component-scan base-package="com.project.wallet"></context:component-scan>
<bean id="dataSource"
		class="org.springframework.jdbc.datasource.DriverManagerDataSource">
		<property name="driverClassName" value="com.mysql.jdbc.Driver" />
		<property name="url"
			value="jdbc:mysql://localhost:3306/jpa2?autoReconnect=true" />
		<property name="username" value="root" />
		<property name="password" value="root" />
	</bean>
	<bean id="jdbcTemplate" class = "org.springframework.jdbc.core.JdbcTemplate">
	<property name ="dataSource" ref="dataSource"></property>
	</bean>
	<bean id="dao"  class = "com.project.wallet.dao.WalletDBAccess">
	<property name="con" ref="jdbcTemplate"></property>
	</bean>
</beans>
